Bairro,Salario_Medio
Humaita,6841.21
Gloria,6742.02
Tijuca,6492.28
Sao Conrado,6434.2
Catete,6247.16
Rio Comprido,6163.54
Recreio dos Bandeirantes,5955.59
Cascadura,5887.69
Vila Isabel,5885.72
Barra da Tijuca,5781.43
Copacabana,5656.46
Ipanema,5641.81
Flamengo,5567.77
Lapa,5564.23
Santa Teresa,5550.14
Centro,5495.98
Leblon,5199.76
Jardim Botanico,4785.45
Botafogo,4742.3
