Bairro,Numero_Clientes
Flamengo,35
Lapa,34
Ipanema,33
Leblon,28
Cascadura,28
Rio Comprido,27
Recreio dos Bandeirantes,27
Catete,27
Copacabana,26
Tijuca,25
Botafogo,25
Barra da Tijuca,24
Centro,23
Jardim Botanico,22
Santa Teresa,21
Gloria,21
Vila Isabel,20
Humaita,19
Sao Conrado,18
