Bairro,Salario_Medio,Numero_Clientes
Humaita,6841.21,19
Gloria,6742.02,21
Tijuca,6492.28,25
Sao Conrado,6434.2,18
Catete,6247.16,27
Rio Comprido,6163.54,27
Recreio dos Bandeirantes,5955.59,27
Cascadura,5887.69,28
Vila Isabel,5885.72,20
Barra da Tijuca,5781.43,24
Copacabana,5656.46,26
Ipanema,5641.81,33
Flamengo,5567.77,35
Lapa,5564.23,34
Santa Teresa,5550.14,21
Centro,5495.98,23
Leblon,5199.76,28
Jardim Botanico,4785.45,22
Botafogo,4742.3,25
